Workbook

Sheet คำอธิบาย
B2: ตารางผลการทดลองฮาร์ดแวร์ — ระบบล็อกประตูอัจฉริยะ RFID + กล้อง IoT
B4: วิธีคำนวณค่าความผิดพลาด (Err %)
B5: Err % = ( จำนวนครั้งที่ผิดพลาด ÷ จำนวนครั้งที่ทดสอบทั้งหมด ) × 100
B6: โดย จำนวนครั้งที่ผิดพลาด = จำนวนครั้งที่ทดสอบทั้งหมด (N) − จำนวนครั้งที่สำเร็จ
B8: ตัวอย่าง : ทดสอบ 10 ครั้ง สำเร็จ 9 ครั้ง → ผิดพลาด = 10 − 9 = 1 → Err % = 1/10 × 100 = 10.0%
B10: • กรอกเฉพาะช่องสีเหลือง 2 ช่อง คือ "ครั้งทดสอบ (N)" และ "สำเร็จ"
B11: • ช่อง "ผิดพลาด" และ "Err %" คำนวณให้อัตโนมัติด้วยสูตร (ห้ามพิมพ์ทับ)
B12: • แนะนำทดสอบอย่างน้อย 10 ครั้ง/แถว (RFID และ End-to-end แนะนำ 20–30 ครั้ง) เพื่อให้ % น่าเชื่อถือ
B13: • แถวรวมท้ายตาราง = ผลรวมทุกขั้นของกรณีนั้น (Err% รวม = Σผิดพลาด ÷ ΣN)
B15: สัญลักษณ์สี
B16: ช่องกรอกเอง (input) | C16: =ตัวเลขที่ต้องกรอกตอนทดสอบจริง -> #NAME?
B18: ตัวอย่างการกรอก (แถวสาธิต — ไม่ใช่ข้อมูลจริง)
B19: อุปกรณ์ | C19: ครั้งทดสอบ (N) | D19: สำเร็จ | E19: ผิดพลาด | F19: Err %
B20: RFID #1 (สาธิต) | C20: 10 | D20: 9 | E20: =C20-D20 -> 1 | F20: =IF(OR(C20="",C20=0),"",(C20-D20)/C20) -> 0.1

Sheet 1_ขาเข้า-บัตรผ่าน
A1: กรณีที่ 1 : ฝั่งขาเข้า (Entry) — บัตรผ่าน (granted)
A3: ลำดับ | B3: อุปกรณ์ | C3: Input | D3: Output ที่คาดหวัง | E3: ครั้งทดสอบ (N) | F3: สำเร็จ | G3: ผิดพลาด | H3: Err %
A4: 1 | B4: Ultrasonic HY-SRF05 | C4: เข้าใกล้ 100 cm (ระยะปลุกจอ) | D4: WAKE → สั่งกล้องเปิด | G4: =IF(E4="","",E4-F4) | H4: =IF(OR(E4="",E4=0),"",(E4-F4)/E4)
A5: 2 | B5: ESP32-CAM (จอ TFT) | C5: คำสั่ง WAKE | D5: เปิดจอ ST7735S + สตรีมภาพสด | G5: =IF(E5="","",E5-F5) | H5: =IF(OR(E5="",E5=0),"",(E5-F5)/E5)
A6: 3 | B6: RFID RC522 #1 (เข้า) | C6: ทาบบัตรที่ลงทะเบียน | D6: อ่าน UID ถูกต้อง → ส่ง direction:in | G6: =IF(E6="","",E6-F6) | H6: =IF(OR(E6="",E6=0),"",(E6-F6)/E6)
A7: 4 | B7: Backend /access | C7: รับ JSON {uid, in} | D7: ตอบ granted | G7: =IF(E7="","",E7-F7) | H7: =IF(OR(E7="",E7=0),"",(E7-F7)/E7)
A8: 5 | B8: ESP32-CAM (/capture) | C8: backend ดึงรูป | D8: คืนไฟล์ JPEG ไม่เสีย | G8: =IF(E8="","",E8-F8) | H8: =IF(OR(E8="",E8=0),"",(E8-F8)/E8)
A9: 6 | B9: OLED SH1106 | C9: — | D9: แสดงข้อความ "อนุญาต" | G9: =IF(E9="","",E9-F9) | H9: =IF(OR(E9="",E9=0),"",(E9-F9)/E9)
A10: 7 | B10: Buzzer | C10: — | D10: เสียงสั้น 0.2 วินาที | G10: =IF(E10="","",E10-F10) | H10: =IF(OR(E10="",E10=0),"",(E10-F10)/E10)
A11: 8 | B11: Relay + Solenoid Lock | C11: — | D11: ปลดล็อก 5 วินาที → ล็อกกลับ | G11: =IF(E11="","",E11-F11) | H11: =IF(OR(E11="",E11=0),"",(E11-F11)/E11)
A12: 9 | B12: Dashboard (เรียลไทม์) | C12: — | D12: log + รูปขึ้นหน้าจอทันที | G12: =IF(E12="","",E12-F12) | H12: =IF(OR(E12="",E12=0),"",(E12-F12)/E12)
A13: รวม | E13: =SUM(E4:E12) -> 0 | F13: =SUM(F4:F12) -> 0 | G13: =SUM(G4:G12) -> 0 | H13: =IF(SUM(E4:E12)=0,"",SUM(G4:G12)/SUM(E4:E12))

Sheet 2_ขาเข้า-บัตรไม่ผ่าน
A1: กรณีที่ 2 : ฝั่งขาเข้า (Entry) — บัตรไม่ผ่าน (denied)
A3: ลำดับ | B3: อุปกรณ์ | C3: Input | D3: Output ที่คาดหวัง | E3: ครั้งทดสอบ (N) | F3: สำเร็จ | G3: ผิดพลาด | H3: Err %
A4: 1 | B4: RFID RC522 #1 (เข้า) | C4: ทาบบัตรแปลก/ปิดใช้งาน | D4: อ่าน UID → ส่ง direction:in | G4: =IF(E4="","",E4-F4) | H4: =IF(OR(E4="",E4=0),"",(E4-F4)/E4)
A5: 2 | B5: Backend /access | C5: รับ JSON {uid, in} | D5: ตอบ denied | G5: =IF(E5="","",E5-F5) | H5: =IF(OR(E5="",E5=0),"",(E5-F5)/E5)
A6: 3 | B6: ESP32-CAM (/capture) | C6: backend ดึงรูป | D6: คืน JPEG เก็บเป็นหลักฐาน | G6: =IF(E6="","",E6-F6) | H6: =IF(OR(E6="",E6=0),"",(E6-F6)/E6)
A7: 4 | B7: OLED SH1106 | C7: — | D7: แสดงข้อความ "ไม่อนุญาต" | G7: =IF(E7="","",E7-F7) | H7: =IF(OR(E7="",E7=0),"",(E7-F7)/E7)
A8: 5 | B8: Buzzer | C8: — | D8: เสียงยาว 3 วินาที | G8: =IF(E8="","",E8-F8) | H8: =IF(OR(E8="",E8=0),"",(E8-F8)/E8)
A9: 6 | B9: Relay + Solenoid Lock | C9: — | D9: คงสถานะล็อก (ประตูไม่เปิด) | G9: =IF(E9="","",E9-F9) | H9: =IF(OR(E9="",E9=0),"",(E9-F9)/E9)
A10: 7 | B10: Dashboard (เรียลไทม์) | C10: — | D10: log สถานะ denied + รูปหลักฐาน | G10: =IF(E10="","",E10-F10) | H10: =IF(OR(E10="",E10=0),"",(E10-F10)/E10)
A11: รวม | E11: =SUM(E4:E10) -> 0 | F11: =SUM(F4:F10) -> 0 | G11: =SUM(G4:G10) -> 0 | H11: =IF(SUM(E4:E10)=0,"",SUM(G4:G10)/SUM(E4:E10))

Sheet 3_ขาออก-บัตรผ่าน
A1: กรณีที่ 3 : ฝั่งขาออก (Exit) — บัตรผ่าน (granted)
A3: ลำดับ | B3: อุปกรณ์ | C3: Input | D3: Output ที่คาดหวัง | E3: ครั้งทดสอบ (N) | F3: สำเร็จ | G3: ผิดพลาด | H3: Err %
A4: 1 | B4: RFID RC522 #2 (ออก) | C4: ทาบบัตรที่ลงทะเบียน | D4: อ่าน UID → direction:out (ไม่ถ่ายรูป) | G4: =IF(E4="","",E4-F4) | H4: =IF(OR(E4="",E4=0),"",(E4-F4)/E4)
A5: 2 | B5: Backend /access | C5: รับ JSON {uid, out} | D5: ตอบ granted (ไม่ดึงรูป) | G5: =IF(E5="","",E5-F5) | H5: =IF(OR(E5="",E5=0),"",(E5-F5)/E5)
A6: 3 | B6: Buzzer | C6: — | D6: เสียงสั้น 1 ครั้ง | G6: =IF(E6="","",E6-F6) | H6: =IF(OR(E6="",E6=0),"",(E6-F6)/E6)
A7: 4 | B7: Relay + Solenoid Lock | C7: — | D7: ปลดล็อก 5 วินาที → ล็อกกลับ | G7: =IF(E7="","",E7-F7) | H7: =IF(OR(E7="",E7=0),"",(E7-F7)/E7)
A8: 5 | B8: Dashboard (เรียลไทม์) | C8: — | D8: log direction:out, imageUrl = null | G8: =IF(E8="","",E8-F8) | H8: =IF(OR(E8="",E8=0),"",(E8-F8)/E8)
A9: รวม | E9: =SUM(E4:E8) -> 0 | F9: =SUM(F4:F8) -> 0 | G9: =SUM(G4:G8) -> 0 | H9: =IF(SUM(E4:E8)=0,"",SUM(G4:G8)/SUM(E4:E8))

Sheet 4_ขาออก-บัตรไม่ผ่าน
A1: กรณีที่ 4 : ฝั่งขาออก (Exit) — บัตรไม่ผ่าน (denied)
A3: ลำดับ | B3: อุปกรณ์ | C3: Input | D3: Output ที่คาดหวัง | E3: ครั้งทดสอบ (N) | F3: สำเร็จ | G3: ผิดพลาด | H3: Err %
A4: 1 | B4: RFID RC522 #2 (ออก) | C4: ทาบบัตรแปลก/ปิดใช้งาน | D4: อ่าน UID → ส่ง direction:out | G4: =IF(E4="","",E4-F4) | H4: =IF(OR(E4="",E4=0),"",(E4-F4)/E4)
A5: 2 | B5: Backend /access | C5: รับ JSON {uid, out} | D5: ตอบ denied + เก็บ log | G5: =IF(E5="","",E5-F5) | H5: =IF(OR(E5="",E5=0),"",(E5-F5)/E5)
A6: 3 | B6: Buzzer | C6: — | D6: เสียงยาว | G6: =IF(E6="","",E6-F6) | H6: =IF(OR(E6="",E6=0),"",(E6-F6)/E6)
A7: 4 | B7: Relay + Solenoid Lock | C7: — | D7: คงสถานะล็อก | G7: =IF(E7="","",E7-F7) | H7: =IF(OR(E7="",E7=0),"",(E7-F7)/E7)
A8: 5 | B8: Dashboard (เรียลไทม์) | C8: — | D8: log สถานะ denied, out | G8: =IF(E8="","",E8-F8) | H8: =IF(OR(E8="",E8=0),"",(E8-F8)/E8)
A9: รวม | E9: =SUM(E4:E8) -> 0 | F9: =SUM(F4:F8) -> 0 | G9: =SUM(G4:G8) -> 0 | H9: =IF(SUM(E4:E8)=0,"",SUM(G4:G8)/SUM(E4:E8))

Sheet สรุปผล
A1: สรุปผลการทดลอง 4 กรณี
A3: กรณี | B3: ทิศทาง | C3: ผลบัตร | D3: ผลลัพธ์ที่ต้องได้ | E3: ครั้งทดสอบ | F3: Err % รวม
A4: 1 | B4: ขาเข้า | C4: ผ่าน | D4: ประตูเปิด + บันทึกรูป | E4: ='1_ขาเข้า-บัตรผ่าน'!E13 -> 0 | F4: ='1_ขาเข้า-บัตรผ่าน'!H13
A5: 2 | B5: ขาเข้า | C5: ไม่ผ่าน | D5: ประตูล็อก + เก็บรูปหลักฐาน | E5: ='2_ขาเข้า-บัตรไม่ผ่าน'!E11 -> 0 | F5: ='2_ขาเข้า-บัตรไม่ผ่าน'!H11
A6: 3 | B6: ขาออก | C6: ผ่าน | D6: ประตูเปิด (ไม่มีรูป) | E6: ='3_ขาออก-บัตรผ่าน'!E9 -> 0 | F6: ='3_ขาออก-บัตรผ่าน'!H9
A7: 4 | B7: ขาออก | C7: ไม่ผ่าน | D7: ประตูล็อก | E7: ='4_ขาออก-บัตรไม่ผ่าน'!E9 -> 0 | F7: ='4_ขาออก-บัตรไม่ผ่าน'!H9
A8: รวมทั้งหมด | E8: =SUM(E4:E7) -> 0 | F8: =IF(('1_ขาเข้า-บัตรผ่าน'!E13+'2_ขาเข้า-บัตรไม่ผ่าน'!E11+'3_ขาออก-บัตรผ่าน'!E9+'4_ขาออก-บัตรไม่ผ่าน'!E9)=0,"",('1_ขาเข้า-บัตรผ่าน'!G13+'2_ขาเข้า-บัตรไม่ผ่าน'!G11+'3_ขาออก-บัตรผ่าน'!G9+'4_ขาออก-บัตรไม่ผ่าน'!G9)/('1_ขาเข้า-บัตรผ่าน'!E13+'2_ขาเข้า-บัตรไม่ผ่าน'!E11+'3_ขาออก-บัตรผ่าน'!E9+'4_ขาออก-บัตรไม่ผ่าน'!E9))
A10: หมายเหตุ: Err % รวม = ผลรวมจำนวนครั้งที่ผิดพลาดทุกขั้น ÷ ผลรวมจำนวนครั้งที่ทดสอบทั้งหมด × 100
